BICE_UNITDESTROYED_SETUP;When one of our divisions is destroyed outright.;;;;;;;;;;;;;x
BICE_UNITDESTROYED_HEADER;$chief_of_army$ reports that;;;;;;;;;;;;;x
BICE_UNITDESTROYED_1;$UNIT$ destroyed!;;;;;;;;;;;;;x
BICE_UNITDESTROYED_2;$MONARCHTITLE$, $UNIT$ has been overrun and destroyed. With no ground left to fall back to, the division could not be reformed.;;;;;;;;;;;;;x
BICE_UNITDESTROYED_3;$LOCATION$;;;;;;;;;;;;;x
BICE_UNITDESTROYED_4;*;;;;;;;;;;;;;x
BICE_UNITDESTROYED_5;*;;;;;;;;;;;;;x
BICE_UNITDESTROYED_6;*;;;;;;;;;;;;;x
BICE_UNITDESTROYED_LOG;$UNIT$ destroyed in $LOCATION$.;;;;;;;;;;;;;x
BICE_UNITDESTROYED_BTN1;OK;;;;;;;;;;;;;x
BICE_UNITDESTROYED_BTN2;OK;;;;;;;;;;;;;x
BICE_UNITDESTROYED_BTN3;Goto;;;;;;;;;;;;;x
BICE_UNITDESTROYED_MAP;$UNIT$ destroyed!;;;;;;;;;;;;;x
BICE_MESSAGE_SETUP;A message from the utility or from a script.;;;;;;;;;;;;;x
BICE_MESSAGE_HEADER;$HEADER$;;;;;;;;;;;;;x
BICE_MESSAGE_1;$TEXT$;;;;;;;;;;;;;x
BICE_MESSAGE_2;$TEXT2$;;;;;;;;;;;;;x
BICE_MESSAGE_3;$TEXT3$;;;;;;;;;;;;;x
BICE_MESSAGE_4;*;;;;;;;;;;;;;x
BICE_MESSAGE_5;*;;;;;;;;;;;;;x
BICE_MESSAGE_6;*;;;;;;;;;;;;;x
BICE_MESSAGE_LOG;$TEXT$;;;;;;;;;;;;;x
BICE_MESSAGE_BTN1;OK;;;;;;;;;;;;;x
BICE_MESSAGE_BTN2;OK;;;;;;;;;;;;;x
BICE_MESSAGE_BTN3;Goto;;;;;;;;;;;;;x
BICE_MESSAGE_MAP;$TEXT$;;;;;;;;;;;;;x
